{
  "version": 2,
  "width": 177,
  "height": 139,
  "timestamp": 1551698378,
  "env": { "SHELL": "/bin/zsh", "TERM": "xterm-256color" }
}[(0.237157, "o", "\u001b[2K")][
  (0.238725, "o", "\u001b[1G\u001b[1myarn run v1.13.0\u001b[22m\r\n")
][(0.303485, "o", "\u001b[2K")][
  (0.30357,
  "o",
  "\u001b[1G\u001b[2m$ clear && babel-node demo/index.js --column\u001b[22m\r\n")
][(0.32783, "o", "\u001b[H\u001b[2J\u001b[3J")][(1.246181, "o", "\u001b[?25l")][
  (1.295048, "o", "\u001b[?25l")
][
  (1.297107,
  "o",
  "\u001b[38;2;128;128;128m1\u001b[39m\u001b[38;2;128;128;128m.\u001b[39m\u001b[38;2;128;128;128m \u001b[39m\u001b[30m\u001b[42mF\u001b[49m\u001b[39m\u001b[30m\u001b[42mo\u001b[49m\u001b[39m\u001b[30m\u001b[42mo\u001b[49m\u001b[39m Selected tab is \"foo\"\r\n\u001b[2m─\u001b[22m\u001b[2m─\u001b[22m\u001b[2m─\u001b[22m\u001b[2m─\u001b[22m\u001b[2m─\u001b[22m\u001b[2m─\u001b[22m\r\n\u001b[38;2;128;128;128m2\u001b[39m\u001b[38;2;128;128;128m.\u001b[39m\u001b[38;2;128;128;128m \u001b[39mBar\r\n\u001b[2m─\u001b[22m\u001b[2m─\u001b[22m\u001b[2m─\u001b[22m\u001b[2m─\u001b[22m\u001b[2m─\u001b[22m\u001b[2m─\u001b[22m\r\n\u001b[38;2;128;128;128m3\u001b[39m\u001b[38;2;128;128;128m.\u001b[39m\u001b[38;2;128;128;128m \u001b[39mBaz\r\n\r\n")
][(2.199611, "o", "\u001b[?25l")][
  (2.20087,
  "o",
  "\u001b[2K\u001b[1A\u001b[2K\u001b[1A\u001b[2K\u001b[1A\u001b[2K\u001b[1A\u001b[2K\u001b[1A\u001b[2K\u001b[1A\u001b[2K\u001b[G\u001b[38;2;128;128;128m1\u001b[39m\u001b[38;2;128;128;128m.\u001b[39m\u001b[38;2;128;128;128m \u001b[39mFoo Selected tab is \"bar\"\r\n\u001b[2m─\u001b[22m\u001b[2m─\u001b[22m\u001b[2m─\u001b[22m\u001b[2m─\u001b[22m\u001b[2m─\u001b[22m\u001b[2m─\u001b[22m\r\n\u001b[38;2;128;128;128m2\u001b[39m\u001b[38;2;128;128;128m.\u001b[39m\u001b[38;2;128;128;128m \u001b[39m\u001b[30m\u001b[42mB\u001b[49m\u001b[39m\u001b[30m\u001b[42ma\u001b[49m\u001b[39m\u001b[30m\u001b[42mr\u001b[49m\u001b[39m\r\n\u001b[2m─\u001b[22m\u001b[2m─\u001b[22m\u001b[2m─\u001b[22m\u001b[2m─\u001b[22m\u001b[2m─\u001b[22m\u001b[2m─\u001b[22m\r\n\u001b[38;2;128;128;128m3\u001b[39m\u001b[38;2;128;128;128m.\u001b[39m\u001b[38;2;128;128;128m \u001b[39mBaz\r\n\r\n")
][(2.990738, "o", "\u001b[?25l")][
  (2.991528,
  "o",
  "\u001b[2K\u001b[1A\u001b[2K\u001b[1A\u001b[2K\u001b[1A\u001b[2K\u001b[1A\u001b[2K\u001b[1A\u001b[2K\u001b[1A\u001b[2K\u001b[G\u001b[38;2;128;128;128m1\u001b[39m\u001b[38;2;128;128;128m.\u001b[39m\u001b[38;2;128;128;128m \u001b[39mFoo Selected tab is \"baz\"\r\n\u001b[2m─\u001b[22m\u001b[2m─\u001b[22m\u001b[2m─\u001b[22m\u001b[2m─\u001b[22m\u001b[2m─\u001b[22m\u001b[2m─\u001b[22m\r\n\u001b[38;2;128;128;128m2\u001b[39m\u001b[38;2;128;128;128m.\u001b[39m\u001b[38;2;128;128;128m \u001b[39mBar\r\n\u001b[2m─\u001b[22m\u001b[2m─\u001b[22m\u001b[2m─\u001b[22m\u001b[2m─\u001b[22m\u001b[2m─\u001b[22m\u001b[2m─\u001b[22m\r\n\u001b[38;2;128;128;128m3\u001b[39m\u001b[38;2;128;128;128m.\u001b[39m\u001b[38;2;128;128;128m \u001b[39m\u001b[30m\u001b[42mB\u001b[49m\u001b[39m\u001b[30m\u001b[42ma\u001b[49m\u001b[39m\u001b[30m\u001b[42mz\u001b[49m\u001b[39m\r\n\r\n")
][(4.093104, "o", "\u001b[?25l")][
  (4.094156,
  "o",
  "\u001b[2K\u001b[1A\u001b[2K\u001b[1A\u001b[2K\u001b[1A\u001b[2K\u001b[1A\u001b[2K\u001b[1A\u001b[2K\u001b[1A\u001b[2K\u001b[G\u001b[38;2;128;128;128m1\u001b[39m\u001b[38;2;128;128;128m.\u001b[39m\u001b[38;2;128;128;128m \u001b[39m\u001b[30m\u001b[42mF\u001b[49m\u001b[39m\u001b[30m\u001b[42mo\u001b[49m\u001b[39m\u001b[30m\u001b[42mo\u001b[49m\u001b[39m Selected tab is \"foo\"\r\n\u001b[2m─\u001b[22m\u001b[2m─\u001b[22m\u001b[2m─\u001b[22m\u001b[2m─\u001b[22m\u001b[2m─\u001b[22m\u001b[2m─\u001b[22m\r\n\u001b[38;2;128;128;128m2\u001b[39m\u001b[38;2;128;128;128m.\u001b[39m\u001b[38;2;128;128;128m \u001b[39mBar\r\n\u001b[2m─\u001b[22m\u001b[2m─\u001b[22m\u001b[2m─\u001b[22m\u001b[2m─\u001b[22m\u001b[2m─\u001b[22m\u001b[2m─\u001b[22m\r\n\u001b[38;2;128;128;128m3\u001b[39m\u001b[38;2;128;128;128m.\u001b[39m\u001b[38;2;128;128;128m \u001b[39mBaz\r\n\r\n")
][(4.925664, "o", "\u001b[?25l")][
  (4.926672,
  "o",
  "\u001b[2K\u001b[1A\u001b[2K\u001b[1A\u001b[2K\u001b[1A\u001b[2K\u001b[1A\u001b[2K\u001b[1A\u001b[2K\u001b[1A\u001b[2K\u001b[G\u001b[38;2;128;128;128m1\u001b[39m\u001b[38;2;128;128;128m.\u001b[39m\u001b[38;2;128;128;128m \u001b[39mFoo Selected tab is \"bar\"\r\n\u001b[2m─\u001b[22m\u001b[2m─\u001b[22m\u001b[2m─\u001b[22m\u001b[2m─\u001b[22m\u001b[2m─\u001b[22m\u001b[2m─\u001b[22m\r\n\u001b[38;2;128;128;128m2\u001b[39m\u001b[38;2;128;128;128m.\u001b[39m\u001b[38;2;128;128;128m \u001b[39m\u001b[30m\u001b[42mB\u001b[49m\u001b[39m\u001b[30m\u001b[42ma\u001b[49m\u001b[39m\u001b[30m\u001b[42mr\u001b[49m\u001b[39m\r\n\u001b[2m─\u001b[22m\u001b[2m─\u001b[22m\u001b[2m─\u001b[22m\u001b[2m─\u001b[22m\u001b[2m─\u001b[22m\u001b[2m─\u001b[22m\r\n\u001b[38;2;128;128;128m3\u001b[39m\u001b[38;2;128;128;128m.\u001b[39m\u001b[38;2;128;128;128m \u001b[39mBaz\r\n\r\n")
][(5.727899, "o", "\u001b[?25l")][
  (5.729039,
  "o",
  "\u001b[2K\u001b[1A\u001b[2K\u001b[1A\u001b[2K\u001b[1A\u001b[2K\u001b[1A\u001b[2K\u001b[1A\u001b[2K\u001b[1A\u001b[2K\u001b[G\u001b[38;2;128;128;128m1\u001b[39m\u001b[38;2;128;128;128m.\u001b[39m\u001b[38;2;128;128;128m \u001b[39m\u001b[30m\u001b[42mF\u001b[49m\u001b[39m\u001b[30m\u001b[42mo\u001b[49m\u001b[39m\u001b[30m\u001b[42mo\u001b[49m\u001b[39m Selected tab is \"foo\"\r\n\u001b[2m─\u001b[22m\u001b[2m─\u001b[22m\u001b[2m─\u001b[22m\u001b[2m─\u001b[22m\u001b[2m─\u001b[22m\u001b[2m─\u001b[22m\r\n\u001b[38;2;128;128;128m2\u001b[39m\u001b[38;2;128;128;128m.\u001b[39m\u001b[38;2;128;128;128m \u001b[39mBar\r\n\u001b[2m─\u001b[22m\u001b[2m─\u001b[22m\u001b[2m─\u001b[22m\u001b[2m─\u001b[22m\u001b[2m─\u001b[22m\u001b[2m─\u001b[22m\r\n\u001b[38;2;128;128;128m3\u001b[39m\u001b[38;2;128;128;128m.\u001b[39m\u001b[38;2;128;128;128m \u001b[39mBaz\r\n\r\n")
][(6.319722, "o", "\u001b[?25h\u001b[?25h")][
  (6.331316, "o", "\u001b[2K\u001b[1G")
][(6.331546, "o", "Done in 6.10s.\r\n")]
