{
  "version": 2,
  "width": 177,
  "height": 139,
  "timestamp": 1551698369,
  "env": { "SHELL": "/bin/zsh", "TERM": "xterm-256color" }
}[(0.235981, "o", "\u001b[2K")][
  (0.237114, "o", "\u001b[1G\u001b[1myarn run v1.13.0\u001b[22m\r\n")
][(0.301144, "o", "\u001b[2K")][
  (0.301451,
  "o",
  "\u001b[1G\u001b[2m$ clear && babel-node demo/index.js\u001b[22m\r\n")
][(0.346071, "o", "\u001b[H\u001b[2J\u001b[3J")][
  (1.246222, "o", "\u001b[?25l")
][(1.294293, "o", "\u001b[?25l")][
  (1.296223,
  "o",
  "Selected tab is \"foo\"\r\n\u001b[38;2;128;128;128m1\u001b[39m\u001b[38;2;128;128;128m.\u001b[39m\u001b[38;2;128;128;128m \u001b[39m\u001b[30m\u001b[42mF\u001b[49m\u001b[39m\u001b[30m\u001b[42mo\u001b[49m\u001b[39m\u001b[30m\u001b[42mo\u001b[49m\u001b[39m\u001b[2m \u001b[22m\u001b[2m|\u001b[22m\u001b[2m \u001b[22m\u001b[38;2;128;128;128m2\u001b[39m\u001b[38;2;128;128;128m.\u001b[39m\u001b[38;2;128;128;128m \u001b[39mBar\u001b[2m \u001b[22m\u001b[2m|\u001b[22m\u001b[2m \u001b[22m\u001b[38;2;128;128;128m3\u001b[39m\u001b[38;2;128;128;128m.\u001b[39m\u001b[38;2;128;128;128m \u001b[39mBaz\r\n\r\n")
][(2.341421, "o", "\u001b[?25l")][
  (2.342269,
  "o",
  "\u001b[2K\u001b[1A\u001b[2K\u001b[1A\u001b[2K\u001b[1A\u001b[2K\u001b[GSelected tab is \"bar\"\r\n\u001b[38;2;128;128;128m1\u001b[39m\u001b[38;2;128;128;128m.\u001b[39m\u001b[38;2;128;128;128m \u001b[39mFoo\u001b[2m \u001b[22m\u001b[2m|\u001b[22m\u001b[2m \u001b[22m\u001b[38;2;128;128;128m2\u001b[39m\u001b[38;2;128;128;128m.\u001b[39m\u001b[38;2;128;128;128m \u001b[39m\u001b[30m\u001b[42mB\u001b[49m\u001b[39m\u001b[30m\u001b[42ma\u001b[49m\u001b[39m\u001b[30m\u001b[42mr\u001b[49m\u001b[39m\u001b[2m \u001b[22m\u001b[2m|\u001b[22m\u001b[2m \u001b[22m\u001b[38;2;128;128;128m3\u001b[39m\u001b[38;2;128;128;128m.\u001b[39m\u001b[38;2;128;128;128m \u001b[39mBaz\r\n\r\n")
][(3.497947, "o", "\u001b[?25l")][
  (3.498805,
  "o",
  "\u001b[2K\u001b[1A\u001b[2K\u001b[1A\u001b[2K\u001b[1A\u001b[2K\u001b[GSelected tab is \"baz\"\r\n\u001b[38;2;128;128;128m1\u001b[39m\u001b[38;2;128;128;128m.\u001b[39m\u001b[38;2;128;128;128m \u001b[39mFoo\u001b[2m \u001b[22m\u001b[2m|\u001b[22m\u001b[2m \u001b[22m\u001b[38;2;128;128;128m2\u001b[39m\u001b[38;2;128;128;128m.\u001b[39m\u001b[38;2;128;128;128m \u001b[39mBar\u001b[2m \u001b[22m\u001b[2m|\u001b[22m\u001b[2m \u001b[22m\u001b[38;2;128;128;128m3\u001b[39m\u001b[38;2;128;128;128m.\u001b[39m\u001b[38;2;128;128;128m \u001b[39m\u001b[30m\u001b[42mB\u001b[49m\u001b[39m\u001b[30m\u001b[42ma\u001b[49m\u001b[39m\u001b[30m\u001b[42mz\u001b[49m\u001b[39m\r\n\r\n")
][(4.403149, "o", "\u001b[?25l")][
  (4.404255,
  "o",
  "\u001b[2K\u001b[1A\u001b[2K\u001b[1A\u001b[2K\u001b[1A\u001b[2K\u001b[GSelected tab is \"foo\"\r\n\u001b[38;2;128;128;128m1\u001b[39m\u001b[38;2;128;128;128m.\u001b[39m\u001b[38;2;128;128;128m \u001b[39m\u001b[30m\u001b[42mF\u001b[49m\u001b[39m\u001b[30m\u001b[42mo\u001b[49m\u001b[39m\u001b[30m\u001b[42mo\u001b[49m\u001b[39m\u001b[2m \u001b[22m\u001b[2m|\u001b[22m\u001b[2m \u001b[22m\u001b[38;2;128;128;128m2\u001b[39m\u001b[38;2;128;128;128m.\u001b[39m\u001b[38;2;128;128;128m \u001b[39mBar\u001b[2m \u001b[22m\u001b[2m|\u001b[22m\u001b[2m \u001b[22m\u001b[38;2;128;128;128m3\u001b[39m\u001b[38;2;128;128;128m.\u001b[39m\u001b[38;2;128;128;128m \u001b[39mBaz\r\n\r\n")
][(5.491362, "o", "\u001b[?25l")][
  (5.49228,
  "o",
  "\u001b[2K\u001b[1A\u001b[2K\u001b[1A\u001b[2K\u001b[1A\u001b[2K\u001b[GSelected tab is \"bar\"\r\n\u001b[38;2;128;128;128m1\u001b[39m\u001b[38;2;128;128;128m.\u001b[39m\u001b[38;2;128;128;128m \u001b[39mFoo\u001b[2m \u001b[22m\u001b[2m|\u001b[22m\u001b[2m \u001b[22m\u001b[38;2;128;128;128m2\u001b[39m\u001b[38;2;128;128;128m.\u001b[39m\u001b[38;2;128;128;128m \u001b[39m\u001b[30m\u001b[42mB\u001b[49m\u001b[39m\u001b[30m\u001b[42ma\u001b[49m\u001b[39m\u001b[30m\u001b[42mr\u001b[49m\u001b[39m\u001b[2m \u001b[22m\u001b[2m|\u001b[22m\u001b[2m \u001b[22m\u001b[38;2;128;128;128m3\u001b[39m\u001b[38;2;128;128;128m.\u001b[39m\u001b[38;2;128;128;128m \u001b[39mBaz\r\n\r\n")
][(6.231968, "o", "\u001b[?25l")][
  (6.232794,
  "o",
  "\u001b[2K\u001b[1A\u001b[2K\u001b[1A\u001b[2K\u001b[1A\u001b[2K\u001b[GSelected tab is \"foo\"\r\n\u001b[38;2;128;128;128m1\u001b[39m\u001b[38;2;128;128;128m.\u001b[39m\u001b[38;2;128;128;128m \u001b[39m\u001b[30m\u001b[42mF\u001b[49m\u001b[39m\u001b[30m\u001b[42mo\u001b[49m\u001b[39m\u001b[30m\u001b[42mo\u001b[49m\u001b[39m\u001b[2m \u001b[22m\u001b[2m|\u001b[22m\u001b[2m \u001b[22m\u001b[38;2;128;128;128m2\u001b[39m\u001b[38;2;128;128;128m.\u001b[39m\u001b[38;2;128;128;128m \u001b[39mBar\u001b[2m \u001b[22m\u001b[2m|\u001b[22m\u001b[2m \u001b[22m\u001b[38;2;128;128;128m3\u001b[39m\u001b[38;2;128;128;128m.\u001b[39m\u001b[38;2;128;128;128m \u001b[39mBaz\r\n\r\n")
][(6.904149, "o", "\u001b[?25h")][(6.906088, "o", "\u001b[?25h")][
  (6.914694, "o", "\u001b[2K\u001b[1GDone in 6.68s.\r\n")
]
