{
  "version": 2,
  "width": 177,
  "height": 139,
  "timestamp": 1551698139,
  "env": { "SHELL": "/bin/zsh", "TERM": "xterm-256color" }
}[(0.2317, "o", "\u001b[2K")][
  (0.23278, "o", "\u001b[1G\u001b[1myarn run v1.13.0\u001b[22m\r\n")
][(0.296847, "o", "\u001b[2K")][
  (0.296964, "o", "\u001b[1G\u001b[2m$ babel-node demo/index.js\u001b[22m\r\n")
][(1.215095, "o", "\u001b[?25l")][(1.260375, "o", "\u001b[?25l")][
  (1.262225,
  "o",
  "Selected tab is \"foo\"\r\n\u001b[38;2;128;128;128m1\u001b[39m\u001b[38;2;128;128;128m.\u001b[39m\u001b[38;2;128;128;128m \u001b[39m\u001b[30m\u001b[42mF\u001b[49m\u001b[39m\u001b[30m\u001b[42mo\u001b[49m\u001b[39m\u001b[30m\u001b[42mo\u001b[49m\u001b[39m\u001b[2m \u001b[22m\u001b[2m|\u001b[22m\u001b[2m \u001b[22m\u001b[38;2;128;128;128m2\u001b[39m\u001b[38;2;128;128;128m.\u001b[39m\u001b[38;2;128;128;128m \u001b[39mBar\u001b[2m \u001b[22m\u001b[2m|\u001b[22m\u001b[2m \u001b[22m\u001b[38;2;128;128;128m3\u001b[39m\u001b[38;2;128;128;128m.\u001b[39m\u001b[38;2;128;128;128m \u001b[39mBaz\r\n\r\n")
][(2.222834, "o", "\u001b[?25l")][
  (2.223825,
  "o",
  "\u001b[2K\u001b[1A\u001b[2K\u001b[1A\u001b[2K\u001b[1A\u001b[2K\u001b[GSelected tab is \"bar\"\r\n\u001b[38;2;128;128;128m1\u001b[39m\u001b[38;2;128;128;128m.\u001b[39m\u001b[38;2;128;128;128m \u001b[39mFoo\u001b[2m \u001b[22m\u001b[2m|\u001b[22m\u001b[2m \u001b[22m\u001b[38;2;128;128;128m2\u001b[39m\u001b[38;2;128;128;128m.\u001b[39m\u001b[38;2;128;128;128m \u001b[39m\u001b[30m\u001b[42mB\u001b[49m\u001b[39m\u001b[30m\u001b[42ma\u001b[49m\u001b[39m\u001b[30m\u001b[42mr\u001b[49m\u001b[39m\u001b[2m \u001b[22m\u001b[2m|\u001b[22m\u001b[2m \u001b[22m\u001b[38;2;128;128;128m3\u001b[39m\u001b[38;2;128;128;128m.\u001b[39m\u001b[38;2;128;128;128m \u001b[39mBaz\r\n\r\n")
][(2.959477, "o", "\u001b[?25l")][
  (2.960407,
  "o",
  "\u001b[2K\u001b[1A\u001b[2K\u001b[1A\u001b[2K\u001b[1A\u001b[2K\u001b[GSelected tab is \"baz\"\r\n\u001b[38;2;128;128;128m1\u001b[39m\u001b[38;2;128;128;128m.\u001b[39m\u001b[38;2;128;128;128m \u001b[39mFoo\u001b[2m \u001b[22m\u001b[2m|\u001b[22m\u001b[2m \u001b[22m\u001b[38;2;128;128;128m2\u001b[39m\u001b[38;2;128;128;128m.\u001b[39m\u001b[38;2;128;128;128m \u001b[39mBar\u001b[2m \u001b[22m\u001b[2m|\u001b[22m\u001b[2m \u001b[22m\u001b[38;2;128;128;128m3\u001b[39m\u001b[38;2;128;128;128m.\u001b[39m\u001b[38;2;128;128;128m \u001b[39m\u001b[30m\u001b[42mB\u001b[49m\u001b[39m\u001b[30m\u001b[42ma\u001b[49m\u001b[39m\u001b[30m\u001b[42mz\u001b[49m\u001b[39m\r\n\r\n")
][(3.910326, "o", "\u001b[?25l")][
  (3.911174,
  "o",
  "\u001b[2K\u001b[1A\u001b[2K\u001b[1A\u001b[2K\u001b[1A\u001b[2K\u001b[GSelected tab is \"foo\"\r\n\u001b[38;2;128;128;128m1\u001b[39m\u001b[38;2;128;128;128m.\u001b[39m\u001b[38;2;128;128;128m \u001b[39m\u001b[30m\u001b[42mF\u001b[49m\u001b[39m\u001b[30m\u001b[42mo\u001b[49m\u001b[39m\u001b[30m\u001b[42mo\u001b[49m\u001b[39m\u001b[2m \u001b[22m\u001b[2m|\u001b[22m\u001b[2m \u001b[22m\u001b[38;2;128;128;128m2\u001b[39m\u001b[38;2;128;128;128m.\u001b[39m\u001b[38;2;128;128;128m \u001b[39mBar\u001b[2m \u001b[22m\u001b[2m|\u001b[22m\u001b[2m \u001b[22m\u001b[38;2;128;128;128m3\u001b[39m\u001b[38;2;128;128;128m.\u001b[39m\u001b[38;2;128;128;128m \u001b[39mBaz\r\n\r\n")
][(5.074608, "o", "\u001b[?25l")][
  (5.075482,
  "o",
  "\u001b[2K\u001b[1A\u001b[2K\u001b[1A\u001b[2K\u001b[1A\u001b[2K\u001b[GSelected tab is \"bar\"\r\n\u001b[38;2;128;128;128m1\u001b[39m\u001b[38;2;128;128;128m.\u001b[39m\u001b[38;2;128;128;128m \u001b[39mFoo\u001b[2m \u001b[22m\u001b[2m|\u001b[22m\u001b[2m \u001b[22m\u001b[38;2;128;128;128m2\u001b[39m\u001b[38;2;128;128;128m.\u001b[39m\u001b[38;2;128;128;128m \u001b[39m\u001b[30m\u001b[42mB\u001b[49m\u001b[39m\u001b[30m\u001b[42ma\u001b[49m\u001b[39m\u001b[30m\u001b[42mr\u001b[49m\u001b[39m\u001b[2m \u001b[22m\u001b[2m|\u001b[22m\u001b[2m \u001b[22m\u001b[38;2;128;128;128m3\u001b[39m\u001b[38;2;128;128;128m.\u001b[39m\u001b[38;2;128;128;128m \u001b[39mBaz\r\n\r\n")
][(5.565871, "o", "\u001b[?25l")][
  (5.566758,
  "o",
  "\u001b[2K\u001b[1A\u001b[2K\u001b[1A\u001b[2K\u001b[1A\u001b[2K\u001b[GSelected tab is \"foo\"\r\n\u001b[38;2;128;128;128m1\u001b[39m\u001b[38;2;128;128;128m.\u001b[39m\u001b[38;2;128;128;128m \u001b[39m\u001b[30m\u001b[42mF\u001b[49m\u001b[39m\u001b[30m\u001b[42mo\u001b[49m\u001b[39m\u001b[30m\u001b[42mo\u001b[49m\u001b[39m\u001b[2m \u001b[22m\u001b[2m|\u001b[22m\u001b[2m \u001b[22m\u001b[38;2;128;128;128m2\u001b[39m\u001b[38;2;128;128;128m.\u001b[39m\u001b[38;2;128;128;128m \u001b[39mBar\u001b[2m \u001b[22m\u001b[2m|\u001b[22m\u001b[2m \u001b[22m\u001b[38;2;128;128;128m3\u001b[39m\u001b[38;2;128;128;128m.\u001b[39m\u001b[38;2;128;128;128m \u001b[39mBaz\r\n\r\n")
][(6.262418, "o", "\u001b[?25h\u001b[?25h")][(6.269493, "o", "\u001b[2K")][
  (6.269716, "o", "\u001b[1GDone in 6.04s.\r\n")
]
