{
  "version": 2,
  "width": 177,
  "height": 139,
  "timestamp": 1551698147,
  "env": { "SHELL": "/bin/zsh", "TERM": "xterm-256color" }
}[(0.236317, "o", "\u001b[2K")][
  (0.237683, "o", "\u001b[1G\u001b[1myarn run v1.13.0\u001b[22m\r\n")
][
  (0.30242,
  "o",
  "\u001b[2K\u001b[1G\u001b[2m$ babel-node demo/index.js --column\u001b[22m\r\n")
][(1.213705, "o", "\u001b[?25l")][(1.25967, "o", "\u001b[?25l")][
  (1.26187,
  "o",
  "\u001b[38;2;128;128;128m1\u001b[39m\u001b[38;2;128;128;128m.\u001b[39m\u001b[38;2;128;128;128m \u001b[39m\u001b[30m\u001b[42mF\u001b[49m\u001b[39m\u001b[30m\u001b[42mo\u001b[49m\u001b[39m\u001b[30m\u001b[42mo\u001b[49m\u001b[39m Selected tab is \"foo\"\r\n\u001b[2m─\u001b[22m\u001b[2m─\u001b[22m\u001b[2m─\u001b[22m\u001b[2m─\u001b[22m\u001b[2m─\u001b[22m\u001b[2m─\u001b[22m\r\n\u001b[38;2;128;128;128m2\u001b[39m\u001b[38;2;128;128;128m.\u001b[39m\u001b[38;2;128;128;128m \u001b[39mBar\r\n\u001b[2m─\u001b[22m\u001b[2m─\u001b[22m\u001b[2m─\u001b[22m\u001b[2m─\u001b[22m\u001b[2m─\u001b[22m\u001b[2m─\u001b[22m\r\n\u001b[38;2;128;128;128m3\u001b[39m\u001b[38;2;128;128;128m.\u001b[39m\u001b[38;2;128;128;128m \u001b[39mBaz\r\n\r\n")
][(1.981171, "o", "\u001b[?25l")][
  (1.982522,
  "o",
  "\u001b[2K\u001b[1A\u001b[2K\u001b[1A\u001b[2K\u001b[1A\u001b[2K\u001b[1A\u001b[2K\u001b[1A\u001b[2K\u001b[1A\u001b[2K\u001b[G\u001b[38;2;128;128;128m1\u001b[39m\u001b[38;2;128;128;128m.\u001b[39m\u001b[38;2;128;128;128m \u001b[39mFoo Selected tab is \"bar\"\r\n\u001b[2m─\u001b[22m\u001b[2m─\u001b[22m\u001b[2m─\u001b[22m\u001b[2m─\u001b[22m\u001b[2m─\u001b[22m\u001b[2m─\u001b[22m\r\n\u001b[38;2;128;128;128m2\u001b[39m\u001b[38;2;128;128;128m.\u001b[39m\u001b[38;2;128;128;128m \u001b[39m\u001b[30m\u001b[42mB\u001b[49m\u001b[39m\u001b[30m\u001b[42ma\u001b[49m\u001b[39m\u001b[30m\u001b[42mr\u001b[49m\u001b[39m\r\n\u001b[2m─\u001b[22m\u001b[2m─\u001b[22m\u001b[2m─\u001b[22m\u001b[2m─\u001b[22m\u001b[2m─\u001b[22m\u001b[2m─\u001b[22m\r\n\u001b[38;2;128;128;128m3\u001b[39m\u001b[38;2;128;128;128m.\u001b[39m\u001b[38;2;128;128;128m \u001b[39mBaz\r\n\r\n")
][(2.905607, "o", "\u001b[?25l")][
  (2.906566,
  "o",
  "\u001b[2K\u001b[1A\u001b[2K\u001b[1A\u001b[2K\u001b[1A\u001b[2K\u001b[1A\u001b[2K\u001b[1A\u001b[2K\u001b[1A\u001b[2K\u001b[G\u001b[38;2;128;128;128m1\u001b[39m\u001b[38;2;128;128;128m.\u001b[39m\u001b[38;2;128;128;128m \u001b[39mFoo Selected tab is \"baz\"\r\n\u001b[2m─\u001b[22m\u001b[2m─\u001b[22m\u001b[2m─\u001b[22m\u001b[2m─\u001b[22m\u001b[2m─\u001b[22m\u001b[2m─\u001b[22m\r\n\u001b[38;2;128;128;128m2\u001b[39m\u001b[38;2;128;128;128m.\u001b[39m\u001b[38;2;128;128;128m \u001b[39mBar\r\n\u001b[2m─\u001b[22m\u001b[2m─\u001b[22m\u001b[2m─\u001b[22m\u001b[2m─\u001b[22m\u001b[2m─\u001b[22m\u001b[2m─\u001b[22m\r\n\u001b[38;2;128;128;128m3\u001b[39m\u001b[38;2;128;128;128m.\u001b[39m\u001b[38;2;128;128;128m \u001b[39m\u001b[30m\u001b[42mB\u001b[49m\u001b[39m\u001b[30m\u001b[42ma\u001b[49m\u001b[39m\u001b[30m\u001b[42mz\u001b[49m\u001b[39m\r\n\r\n")
][(3.693102, "o", "\u001b[?25l")][
  (3.694178,
  "o",
  "\u001b[2K\u001b[1A\u001b[2K\u001b[1A\u001b[2K\u001b[1A\u001b[2K\u001b[1A\u001b[2K\u001b[1A\u001b[2K\u001b[1A\u001b[2K\u001b[G\u001b[38;2;128;128;128m1\u001b[39m\u001b[38;2;128;128;128m.\u001b[39m\u001b[38;2;128;128;128m \u001b[39m\u001b[30m\u001b[42mF\u001b[49m\u001b[39m\u001b[30m\u001b[42mo\u001b[49m\u001b[39m\u001b[30m\u001b[42mo\u001b[49m\u001b[39m Selected tab is \"foo\"\r\n\u001b[2m─\u001b[22m\u001b[2m─\u001b[22m\u001b[2m─\u001b[22m\u001b[2m─\u001b[22m\u001b[2m─\u001b[22m\u001b[2m─\u001b[22m\r\n\u001b[38;2;128;128;128m2\u001b[39m\u001b[38;2;128;128;128m.\u001b[39m\u001b[38;2;128;128;128m \u001b[39mBar\r\n\u001b[2m─\u001b[22m\u001b[2m─\u001b[22m\u001b[2m─\u001b[22m\u001b[2m─\u001b[22m\u001b[2m─\u001b[22m\u001b[2m─\u001b[22m\r\n\u001b[38;2;128;128;128m3\u001b[39m\u001b[38;2;128;128;128m.\u001b[39m\u001b[38;2;128;128;128m \u001b[39mBaz\r\n\r\n")
][(4.64927, "o", "\u001b[?25l")][
  (4.650266,
  "o",
  "\u001b[2K\u001b[1A\u001b[2K\u001b[1A\u001b[2K\u001b[1A\u001b[2K\u001b[1A\u001b[2K\u001b[1A\u001b[2K\u001b[1A\u001b[2K\u001b[G\u001b[38;2;128;128;128m1\u001b[39m\u001b[38;2;128;128;128m.\u001b[39m\u001b[38;2;128;128;128m \u001b[39mFoo Selected tab is \"bar\"\r\n\u001b[2m─\u001b[22m\u001b[2m─\u001b[22m\u001b[2m─\u001b[22m\u001b[2m─\u001b[22m\u001b[2m─\u001b[22m\u001b[2m─\u001b[22m\r\n\u001b[38;2;128;128;128m2\u001b[39m\u001b[38;2;128;128;128m.\u001b[39m\u001b[38;2;128;128;128m \u001b[39m\u001b[30m\u001b[42mB\u001b[49m\u001b[39m\u001b[30m\u001b[42ma\u001b[49m\u001b[39m\u001b[30m\u001b[42mr\u001b[49m\u001b[39m\r\n\u001b[2m─\u001b[22m\u001b[2m─\u001b[22m\u001b[2m─\u001b[22m\u001b[2m─\u001b[22m\u001b[2m─\u001b[22m\u001b[2m─\u001b[22m\r\n\u001b[38;2;128;128;128m3\u001b[39m\u001b[38;2;128;128;128m.\u001b[39m\u001b[38;2;128;128;128m \u001b[39mBaz\r\n\r\n")
][(5.557153, "o", "\u001b[?25l")][
  (5.558208,
  "o",
  "\u001b[2K\u001b[1A\u001b[2K\u001b[1A\u001b[2K\u001b[1A\u001b[2K\u001b[1A\u001b[2K\u001b[1A\u001b[2K\u001b[1A\u001b[2K\u001b[G\u001b[38;2;128;128;128m1\u001b[39m\u001b[38;2;128;128;128m.\u001b[39m\u001b[38;2;128;128;128m \u001b[39m\u001b[30m\u001b[42mF\u001b[49m\u001b[39m\u001b[30m\u001b[42mo\u001b[49m\u001b[39m\u001b[30m\u001b[42mo\u001b[49m\u001b[39m Selected tab is \"foo\"\r\n\u001b[2m─\u001b[22m\u001b[2m─\u001b[22m\u001b[2m─\u001b[22m\u001b[2m─\u001b[22m\u001b[2m─\u001b[22m\u001b[2m─\u001b[22m\r\n\u001b[38;2;128;128;128m2\u001b[39m\u001b[38;2;128;128;128m.\u001b[39m\u001b[38;2;128;128;128m \u001b[39mBar\r\n\u001b[2m─\u001b[22m\u001b[2m─\u001b[22m\u001b[2m─\u001b[22m\u001b[2m─\u001b[22m\u001b[2m─\u001b[22m\u001b[2m─\u001b[22m\r\n\u001b[38;2;128;128;128m3\u001b[39m\u001b[38;2;128;128;128m.\u001b[39m\u001b[38;2;128;128;128m \u001b[39mBaz\r\n\r\n")
][(6.172072, "o", "\u001b[?25h")][(6.17241, "o", "\u001b[?25h")][
  (6.179701, "o", "\u001b[2K")
][(6.179848, "o", "\u001b[1GDone in 5.95s.\r\n")]
